01-1001;Zwets;26.ZF.0257;"Flens blindflens zwart 2.1/2"" PN16 DN65";9.89;;;;;;;;;;;
01-1002;Hilto;14-2576-NW250 273 PN10;"Flens lasflens vlak zwart 10"" PN10 vlak";32.93;;;;;;;;;;;
01-1003;Hilto;"21-SLIP-ON 150LBS 12""";"Flens slip-on flens zwart 12"" ASTM A-105";103.00;;;;;;;;;;;
01-1004;Hilto;16-2527-NW150 PN16;"Flens blindflens zwart 6"" PN16";32.36;;;;;;;;;;;
01-1005;Hilto;14-2576-NW150 168,3 PN16;"Flens lasflens vlak zwart 6"" 168,3 PN16 vlak";17.42;;;;;;;;;;;
01-1006;Hilto;14-2576-NW200 219,1 PN10;"Flens lasflens vlak zwart 8"" 219,1 PN10 8 gaten";24.69;;;;;;;;;;;
01-1007;Hilto;14-2576-NW050 060,3 PN16;"Flens lasflens vlak zwart 2"" PN 16";6.96;;;;;;;;;;;
01-1008;Hilto;14-2576-NW300 323,9 PN10;"Flens lasflens vlak zwart 12"" PN 10";38.20;;;;;;;;;;;
01-1009;Hilto;16-2527-NW100 PN16;"Flens blindflens zwart 4"" PN16";17.58;;;;;;;;;;;
01-1010;Hilto;16-2527-NW300 PN10;"Flens blindflens zwart 12"" PN10";101.32;;;;;;;;;;;
01-2001;Hilto;10-2616-323,9x273,0 CONC;Lasverloop zwart 323,9x273,0 mm concentrisch;70.25;;;;;;;;;;;
01-2002;Hilto;10-2616-219,1x168,3 CONC;Lasverloop zwart 219,1x168,3 mm concentrisch;31.94;;;;;;;;;;;
01-3001;Hilto;"01-016Z-1""";"Lassok zwart 1""";1.18;;;;;;;;;;;
01-3002;Hilto;10-2615-060,3x060,3;T-stuk las zwart 060,3x060,3 mm DIN st.35.8;12.50;;;;;;;;;;;
01-3003;Zwets;26.ZF.0403;"Lassok zwart 1"" DN25 nr. 16";0.90;;;;;;;;;;;
01-3004;Kieboom;;Lassok zwart 16-3/8;0.71;;;;;;;;;;;
01-3005;ODS;911401831;"Lassok zwart 1.1/2""x48 mm";12.09;;;;;;;;;;;
01-3006;ODS;911401829;"Lassok zwart 1""x43 mm";7.25;;;;;;;;;;;
01-3007;ODS;911401827;"Lassok zwart 1/2""x34 mm";3.62;;;;;;;;;;;
01-3008;ODS;911401825;"Lassok zwart 1/4""x25 mm";2.21;;;;;;;;;;;
01-3009;Hilto;"01-016Z-1.1/2""";"Lassok zwart 1.1/2""  ";1.91;;;;;;;;;;;
01-3010;Hilto;"01-016Z-1/2""";"Lassok zwart 1/2"" ";0.49;;;;;;;;;;;
01-4001;MCB;72254090;Plaat corten 3000x1500x3 mm warmgewalste;106.20;;;;;;;;;;;
01-4002;ODS;901000054;Plaat zwart 3000x1500x4 mm DD11 bandplaat geb./geol.;99.36;;;;;;;;;;;
01-4003;Heus;;Plaat zwart 2500x1250x10 mm S235JR;170.00;;;;;;;;;;;
01-4004;Heus;;Plaat zwart 2500x1250x20 mm S235JR;365.00;;;;;;;;;;;
01-4005;ODS;901000296;Plaat bandplaat zwart 2500x1250x5 mm S235JR;80.00;;;;;;;;;;;
01-4006;ODS;901000311;Plaat bandplaat zwart 2500x1250x6 mm S235JR;132.00;;;;;;;;;;;
01-4007;Heus;;Plaat zwart 2000x1000x10 mm S235JR;108.80;;;;;;;;;;;
01-4008;ODS;901000035;Plaat bandplaat 2000x1000x3 mm geb./geol.;39.33;;;;;;;;;;;
01-4009;ODS;901000088;Plaat bandplaat 2000x1000x6 mm geb./geol.;82.00;;;;;;;;;;;
01-4010;ODS;901000040;Plaat bandplaat 3000x1500x3 mm geb./geol.;79.76;;;;;;;;;;;
01-4011;ODS;901000082;Plaat bandplaat 3000x1500x5 mm geb./geol.;124.20;;;;;;;;;;;
01-5001;Heus;;Koker zwart 80x80x4 mm;45.00;;;lgt;;;;;;;;
01-5002;Heus;;Holland profiel 180x8 Grade A;84.18;;;lgt;;;;;;;;
01-5003;ODS;904101113;Platstaal zwart 100x10 mm S235 JR;31.85;;;lgt;;;;;;;;
01-5004;Zwets;26.ZF.1599;Platstaal zwart 100x10 mm;8.73;;;;;;;;;;;
01-5005;Heus;;Koker zwart 80x50x5 mm;41.63;;;;;;;;;;;
01-6001;Hilto;41-2801-060 BLANK;"Beugel zwart 2"" half";0.87;;;;;;;;;;;
01-6002;Zwets;26.ZF.2232;"Beugel staartbeugel + kap zwart 8"" ";18.32;;;;;;;;;;;
01-8001;Zwets;26.ZF.1433;"Plug zwart .1/2"" nr. 290";0.48;;;;;;;;;;;
01-8002;Zwets;26.ZF.1431;"Plug zwart .1/4"" nr. 290";0.53;;;;;;;;;;;
02-4001;Heus;;Plaat menie 2000x1000x8 mm S235JR gestraald;101.12;;;;;;;;;;;
02-5001;Heus;;Hoek menie 50x50x5;22.60;;;lgt;;;Subgroepen 08;1;rvs;;;
02-5002;Heus;;Koker menie 70x70x4;51.80;;;lgt;;;;2;zwart;;;
02-5003;Heus;;Koker menie 50x50x4;36.89;;;lgt;;;;3;gegalvaniseerd;;;
02-5004;Zwets;26.ZF.1586;Platstaal menie 60x8 mm gestraald;6.07;;;lgt;;;;;;;;
03-1001;Hilto;26-2576-NW050 060,3 316;"Flens vlakkeflens rvs 2"" 316";34.50;;;;;;;;;;;
03-1002;Hilto;26-2576-NW080 088,0 316;"Flens vlakkeflens rvs 3"" 316";42.00;;;;;;;;;;;
03-1003;Hilto;26-2576-NW100 114,3 316;"Flens vlakkeflens rvs 4"" 316";45.00;;;;;;;;;;;
03-1004;Hilto;"26-2566-PN16 2""";"Flens draadflens rvs 2"" 316";29.50;;;;;;;;;;;
03-3001;Hilto;25-2605-088,9x2,0 3S 90GR;Lasbocht rvs 316L;23.25;;;;;;;;;;;
03-3002;Hilto;27-2615-088,9X2,0;"T-stuk rvs 3"" 316L";;;;;;;;;;;;
03-3003;DJPS;;Pijp rvs Ø 21,9x2,8;48.00;;;;;;;;;;;
03-3004;DJPS;;Pijp rvs Ø 33,7x3,6;14.80;;;;;;;;;;;
03-3005;DJPS;;Pijp rvs Ø 610x9,5                    rvs?;169.44;;;;;;;;;;;
03-3006;DJPS;;Pijp rvs Ø 89x3 316L;32.17;;;;;;;;;;;
03-3007;Zwets;25.KS.OP.001;Ontluchtingspijp rvs Ø 100 mm;46.00;;;;;;;;;;;
03-3008;Zwets;25.KS.OP.002;Ontluchtingspijp rvs Ø 125 mm;71.00;;;;;;;;;;;
03-3009;Zwets;25.KS.OP.004;Ontluchtingskap rvs voor ontluchtingspijp 100/125/168 mm;44.00;;;;;;;;;;;
03-3010;Hilto;"03-16R-1/4"" ";"Lassok rvs 1/4"" ";1.69;;;;;;;;;;;
03-3011;Hilto;"03-290R-1/2"" ";"Plug rvs 1/2""";2.08;;;;;;;;;;;
03-4001;ODS;911000634;Plaat rvs 2000x1000x2 mm folie;121.54;;;;;;;4;alumininium;;;
03-4002;ODS;911000888;Plaat rvs 2500x1250x3 mm folie;211.66;;;;;;;;;;;
03-4003;ODS;911000888;Plaat rvs 2500x1250x3 mm ;198.00;;;;;;;;;;;
03-4004;ODS;911000851;Plaat rvs 3000x1500x3 mm;359.64;;;;;;;;;;;
03-5001;ODS;911201215;Buis rvs vierkant 60x60x2 mm geborsteld;66.90;;;lgt;;;;;;;;
03-5002;ODS;911100807;Platstaf rvs 316L 60x8 mm geslit;63.84;;;lgt;;;;;;;;
03-5003;ODS;911100803;Platstaf rvs 316L 50x8 mm geslit;51.24;;;lgt;;;;;;;;
03-5004;ODS;911101257;Rondstaal rvs 10 mm;3.56;;;meterprijs, lgt. = ca. 3 mtr.;;;;;;;;
03-5005;ODS;940109452;Buis rvs vierkant 30x30x2 mm geborsteld;43.50;;;lgt;;;;;;;;
03-5006;ODS;940109479;Buis rvs 14x1,5 mm ongegloeid;27.54;;;lgt;;;;;;;;
03-5007;ODS;911101484;Rondstaal rvs 15 mm;6.54;;;meterprijs, lgt. = ca. 3 mtr.;;;;;;;;
03-5008;ODS;911200760;Buis rvs 40x2 mm tig gelast blank;67.50;;;lgt;;;;;;;;
03-6001;Hilto;41-2801-060 RVS304;"Beugel rvs 2""half";2.95;;;;;;;;;;;
03-6002;Hilto;41-2801-089 RVS304;"Beugel rvs 3""half";4.06;;;;;;;;;;;
03-6003;Hilto;"03-240R-3/4""X3/8""";"Verloopsok rvs 316 3/4x3/8"" ";4.06;;;;;;;;;;;
03-6004;Zwets;26.RV.092;"Verloopsok rvs .3/4""-.1/2"" nr. 240";2.40;;;;;;;;;;;
03-6005;JB;68-BCLR-5-38;Beugel rvs 38 mm compleet licht;8.59;;;;;;;;;;;
03-8001;Hilto;"03-023R-2""X100";"Pijpnippel rvs 2""";16.64;;;;;;;;;;;
03-8002;DJPS;;"Pijpnippel rvs 1"" L=100";4.60;;;;;;;;;;;
03-8003;Zwets;21.KK.0006;"Kogelkraan rvs 1/2"" 2-delig bi/bi lock";22.35;;;;;;;;;;;
03-8004;Zwets;26.RV.339;"Pijpnippel rvs 2""x100 mm";10.75;;;;;;;;;;;
03-8005;DJPS;;"Knie rvs 1"" nr. 90";3.90;;;;;;;;;;;
03-8006;DJPS;;"Knie rvs 1"" nr. 90";3.90;;;;;;;;;;;
03-8007;DJPS;;"Knie rvs 1"" nr. 92";4.50;;;;;;;;;;;
03-8008;DJPS;;"Knie rvs 1.1/4"" nr. 92";6.10;;;;;;;;;;;
03-8009;DJPS;;"Knie rvs 1/2"" nr. 90";2.00;;;;;;;;;;;
03-8010;DJPS;;"Knie rvs 1/2"" nr. 92";2.50;;;;;;;;;;;
03-8011;DJPS;;"Koppeling rvs 1"" nr. 340";7.70;;;;;;;;;;;
03-8012;DJPS;;"Koppeling rvs 1"" nr. 340";7.70;;;;;;;;;;;
03-8013;DJPS;;"Koppeling rvs 1"" nr. 341";9.00;;;;;;;;;;;
03-8014;DJPS;;"Koppeling rvs 1"" nr. 341";9.60;;;;;;;;;;;
03-8015;DJPS;;"Koppeling rvs 1.1/4"" nr. 340";12.80;;;;;;;;;;;
03-8016;DJPS;;"Koppeling rvs 1/2"" nr. 340";4.60;;;;;;;;;;;
03-8017;DJPS;;"Koppeling rvs 1/2"" nr. 340";4.60;;;;;;;;;;;
03-8018;DJPS;;"Koppeling rvs 1/2"" nr. 341";6.00;;;;;;;;;;;
03-8019;DJPS;;"Koppeling rvs 1/2"" nr. 98";7.00;;;;;;;;;;;
03-8020;DJPS;;"Koppeling rvs 3/4"" nr. 98";8.00;;;;;;;;;;;
03-8021;DJPS;;"Nippel rvs 1"" nr. 280";2.50;;;;;;;;;;;
03-8022;DJPS;;"Nippel rvs 1"" nr. 280";2.60;;;;;;;;;;;
03-8023;DJPS;;"Nippel rvs 1.1/4"" nr. 280";3.90;;;;;;;;;;;
03-8024;DJPS;;"Nippel rvs 1/2"" nr. 280";3.40;;;;;;;;;;;
03-8025;DJPS;;"Nippel rvs 3/4"" nr. 280";2.20;;;;;;;;;;;
03-8026;DJPS;;"Nippel rvs 3/4"" nr. 280";2.20;;;;;;;;;;;
03-8027;DJPS;;"T-stuk rvs 1"" nr. 130";4.40;;;;;;;;;;;
03-8028;DJPS;;"Verloopnippel rvs 1.1/4""x1"" nr. 245";5.00;;;;;;;;;;;
03-8029;DJPS;;"Verloopring rvs 1""x1/2"" ";3.00;;;;;;;;;;;
03-8030;DJPS;;"Verloopring rvs 1""x3/4""";3.00;;;;;;;;;;;
03-8031;DJPS;;"Verloopring rvs 3/4""x1/2"" nr. 241";2.30;;;;;;;;;;;
03-8032;Zwets;26.RV.247;"Plug rvs .3/8"" nr. 290";0.87;;;;;;;;;;;
03-8033;Zwets;26.RV.205;"Sok rvs .3/8"" nr. 270";1.37;;;;;;;;;;;
03-8034;Zwets;26.RV.211;"Sok rvs 2"" nr. 270";11.14;;;;;;;;;;;
03-8035;Zwets;26.RV.204;"Sok rvs .1/4"" nr. 270";1.19;;;;;;;;;;;
03-8036;Zwets;26.RV.206;"Sok rvs .1/2"" nr. 270";2.01;;;;;;;;;;;
03-8037;Zwets;26.RV.248;"Plug rvs .1/2"" nr. 290";1.11;;;;;;;;;;;
03-8038;Hilto;"32-7446-1.1/4"" ";"Kogelkraan rvs 1.1/4"" 3-delig 2-weg Econ";43.50;;;;;;;;;;;
03-8039;Hilto;"32-7752-BSP 1.1/4"" ";"Kogelkraan rvs 1.1/4"" Econ";39.95;;;;;;;;;;;
03-8040;DJPS;;"Kogelkraan rvs 1"" 2-delig";32.40;;;33,00;;;;;;;;
03-8041;DJPS;;"Kogelkraan rvs 1/2"" 2-delig";14.85;;;;;;;;;;;
03-8042;DJPS;;"Kogelkraan rvs 3/4"" 2-delig";21.60;;;;;;;;;;;
03-8043;Hilto;"03-090R-2""";"Knie rvs 2"" 316 bi-bi";20.87;;;;;;;;;;;
03-8044;Hilto;"03-092R-2""";"Knie rvs 2"" 316 bi-bu";19.21;;;;;;;;;;;
03-8045;Hilto;"03-92R-1.1/4"" ";"Knie rvs 1.1/4"" 316 bi-bu";9.88;;;;;;;;;;;
03-8046;Hilto;"03-241R-2""x1.1/4""";"Verloopring rvs 316 2""x1.1/4"" ";9.95;;;;;;;;;;;
03-8047;Hilto;"27-ANSI-4""x2"" 316 S10";"Lasfitting rvs 316L 4""x2"" ";17.44;;;;;;;;;;;
04-1001;Hilto;"17-2566-PN16 2"" VERZ";"Draadflens verz. 2"" PN16";45.56;;;;;;;;;;;
04-2001;Kieboom;;"T-stuk verz. 1/4"" ";2.80;;;;;;;;;;;
04-4001;ODS;;Plaat sendzimir verzinkt 3000x1500x2 mm;56.50;;;;;;;;;;;
04-6001;Heus;;Roostertrede verz. 700x1000 H:30 MW: 33 S235JR;44.46;;;;;;;;;;;
04-6002;Heus;;Roostertrede verz. 400x1000 H:30 MW: 33 S235JR;28.79;;;;;;;;;;;
04-6003;Heus;;Roostertrede  verz. 1000x240 H:30 MW: 33 S235JR;16.81;;;;;;;;;;;
04-6004;Heus;;Roostertrede verz. 800x1500 mm S235JR;78.00;;;;;;;;;;;
04-6005;Heus;;Roostertrede verz. 800x240 mm H:30 MW:33 ;16.10;;;;;;;;;;;
04-6006;Heus;;Roostertrede verz. 500x1000 mm H:30 MW: 33;35.98;;;;;;;;;;;
04-8001;Hilto;"05-023V-2""x100";"Pijpnippel verz. 2""";4.57;;;;;;;;;;;
04-8002;Zwets;26.IH.MF.M220;"Verloopnippel verz. 1""-.3/4"" nr. 245";1.66;;;;;;;;;;;
04-8003;Kieboom;;"Verloopnippel verz. 3/8""x1/4"" nr. 245";3.36;;;;;;;;;;;
04-8004;Kieboom;;"Dubbelnippel verz. 1/4"" nr. 280";2.24;;;;;;;;;;;
05-1001;ODS;911400953;Flens lasflens vlak alu 316L;28.71;;;;;;;;;;;
05-4001;ODS;913000160;Plaat alu 3000x1500x3 mm folie;533,33;;;plaat;;;;;;;;
05-4002;ODS;913000155;Plaat alu 2000x1000x3 mm;39.04;;;;;;;;;;;
05-4003;ODS;913000166;Plaat alu 2000x1000x4 mm eenzijdig folie;55.52;;;;;;;;;;;
05-5001;ODS;911100807;Platstaf alu 60x8 mm;59.64;;;lgt;;;;;;;;
05-5002;ODS;904100291;Hoekstaal alu 50x50x5 mm;19.57;;;lgt;;;;;;;;
05-5003;ODS;904100245;Hoekstaal alu 30x30x4 mm;8.34;;;lgt;;;;;;;;
05-5004;ODS;913200221;Koker alu 50x50x2 mm geextrudeerd;23.88;;;lgt;;;;;;;;
05-5005;ODS;913000116;Plaat alu 3000x1500x1 mm;28.80;;;;;;;;;;;
05-5006;Wensveen;;Koker alu 50x50x4 mm;35.00;;;lgt. 3 m.;;;;;;;;
06-0001;Ankro;;Pakking ring Ø 125 mm PTFE;18.35;;;;;;;;;;;
06-0002;Ankro;;Pakking ring Ø 201,2 mm PTFE;41.95;;;;;;;;;;;
06-0003;Ankro;;Pakking ring Ø 171,4 mm PFTE;28.15;;;;;;;;;;;
06-0004;SAB;;Pakking DN100;2.22;;;;;;;;;;;
06-0005;SAB;;Pakking DN100 enveloppakking;6.10;;;;;;;;;;;
06-0006;SAB;;Pakking DN100 JOJO;13.00;;;;;;;;;;;
06-0007;SAB;;Pakking DN150;2.31;;;;;;;;;;;
06-0008;SAB;;Pakking DN150 dekselpakking JOJO;31.20;;;;;;;;;;;
06-0009;SAB;;Pakking DN200;3.86;;;;;;;;;;;
06-0010;SAB;;Pakking DN250 dekselpakking JOJO;8.05;;;;;;;;;;;
06-0011;SAB;;Pakking DN250 JOJO;16.00;;;;;;;;;;;
06-0012;Pinta;;Rubberband EPDM 30x20 mm (prijs = per meter);12.02;;;;;;;;;;;
06-0013;Pinta;;Pakkingringen JoJo DN200;8.75;;;;;;;;;;;
06-0014;DJPS;;Pakking dekselpakking Treade DN200;28.40;;;;;;;;;;;
06-0015;Zwets;001.PP.0010;Pakking pomphuispakking 220x270x0,5 mm;11.88;;;;;;;;;;;
06-0016;Zwets;001.SS.0008;Sealset mechanical type 31 35 mm ;279.94;;;;;;;;;;;
06-0017;Pinta;;"Pakking 3"" ? 100x85 mm";2.75;;;;;;;;;;;
06-0018;Pinta;;"Pakking 4""";3.10;;;;;;;;;;;
06-0019;Pinta;;"Pakking 5""";4.55;;;;;;;;;;;
06-0020;Pinta;;"Pakking 3""";0.65;;;;;;;;;;;
06-0021;Pinta;;"Pakking 2,5""";0.59;;;;;;;;;;;
07-1001;Verhoeven;E1302926;Schijf 125 mm afbraamschijf Flexovit;2,03;;;;;;;;;;;
07-1002;Verhoeven;E1302927;Schijf 125 mm doorslijpschijf Flexovit;1,26;;;;;;;;;;;
07-1003;Laspartners;15488;Schijf fiberschijf CC-FS 125;2,11;;;;;;;;;;;
07-1004;Laspartners;15501;Schijf fiberschijf CC-FS 125;2,43;;;;;;;;;;;
07-1005;Verhoeven;E1302924;Schijf lamellenschijf 125 K120 Flexovit;2,48;;;;;;;;;;;
07-1006;Verhoeven;E1302922;Schijf lamellenschijf 125 K40 Flexovit;2,48;;;;;;;;;;;
07-1007;Verhoeven;E1302923;Schijf lamellenschijf 125 K80 Flexovit;2,48;;;;;;;;;;;
07-1008;Verhoeven;94790;Schijf lamellenschijf RCD/ME/125;15,00;;;;;;;;;;;
07-1009;Laspartners;15562;Schijf steunschijf CC-GT 115-125 M14;20,69;;;;;;;;;;;
07-1010;Brammer;;Schijf doorslijpschijf 230x1,9x22,2 A36V/ML/41 FL DSS;2.68;;;;;;;;;;;
07-1011;Verhoeven;4014855089550;Moprad schl NCW600 K80100x100x19;23.10;;;;;;;;;;;
07-1012;Verhoeven;E1312536;Tape Inox Mhit 5000x40 mm;53.73;;;rol;;;;;;;;
07-1013;Verhoeven;E1312538;Schijf Klitsteunschijf 125 mm M14;18.12;;;;;;;;;;;
07-1014;Verhoeven;E1312540;Foam tussenfoam hittebestendig 125IT;17.13;;;;;;;;;;;
07-1015;Verhoeven;E1312542;Schijf Klitschijf keramisch 125 mm K100;12.85;;;;;;;;;;;
07-1016;Verhoeven;E1312543;Schijf Klitschijf Trizact 125 mm A160;15.95;;;;;;;;;;;
07-1017;Verhoeven;E1312544;Schijf Klitschijf Trizact 125 mm A65;15.95;;;;;;;;;;;
07-1018;Verhoeven;E1312545;Schijf Klitschijf Trizact 125 mm A45;15.95;;;;;;;;;;;
07-2001;Biermans;1513773;Gatzaag houder 32-210 mm A2x6K Kelfort;12,04;;;;;;;;;;;
07-2002;Biermans;1513720;Gatzaag 40x32 mm rood Hss Bi-metal Kelfort;7,78;;;;;;;;;;;
07-2003;Verhoeven;E1304070;Boor Euroboor support Deck Body 03;34.60;;;;;;;;;;;
07-2004;Biermans;1671614;Kernboor o14x25 mm hss Weldon;12.90;;;;;;;;;;;
07-2005;Verhoeven;E1304069;Boor Euroboor support Deck Plate 02;8.12;;;;;;;;;;;
07-2006;Verhoeven;E1304687;Boor 11.450.0350;0.91;;;;;;;;;;;
07-2007;Verhoeven;E1304686;Boor 11.450.0400;0.95;;;;;;;;;;;
07-2008;Verhoeven;E1304685;Boor 11.450.0450;1.06;;;;;;;;;;;
07-2009;Verhoeven;E1304682;Boor 11.450.0550;1.36;;;;;;;;;;;
07-2010;Verhoeven;E1304689;Boor 11.450.0600;1.51;;;;;;;;;;;
07-2011;Verhoeven;E1304684;Boor 11.450.0800;2.68;;;;;;;;;;;
07-2012;Verhoeven;E1304690;Boor 11.450.1020;5.68;;;;;;;;;;;
07-2013;Verhoeven;E1304691;Boor 11.450.1050;4.61;;;;;;;;;;;
07-2014;Verhoeven;E1304692;Boor 11.450.1100;4.73;;;;;;;;;;;
07-2015;Verhoeven;E1304683;Boor 11.450.1200;6.24;;;;;;;;;;;
07-2016;Verhoeven;E1304693;Boor 11.450.1250;6.61;;;;;;;;;;;
07-2017;Verhoeven;E1304688;Boor 11.450.1300;6.86;;;;;;;;;;;
07-2018;Verhoeven;E1306666;Boor plaatwerkboor 5,1 mm PH HSS-CO;1.69;;;;;;;;;;;
07-2019;Biermans;739220;Gatzaag 54x32 mm rood Hss Bi-metal Kelfort;10.94;;;;;;;;;;;
07-2020;Biermans;1513140;Boor 4.0x75;2.21;;;;;;;;;;;
07-2021;Biermans;1513772;Gatzaag houder 14-30 mm A1x6K 14 Kelfort;7.24;;;;;;;;;;;
07-2022;Biermans;1513707;Gatzaag 22x32 mm rood Hss Bi-metal Kelfort;6.31;;;;;;;;;;;
07-2023;Biermans;1671722;Kernboor o22x50 mm lang hss Phantom;29.62;;;;;;;;;;;
07-2024;Biermans;1514865;Boor 6.5x101;1.88;;;;;;;;;;;
07-2025;Kieboom;;Gatzaag 29 mm hss;7.32;;;;;;;;;;;
07-2026;Verhoeven;4210508160;Boor spiraalboor 6 mm;1.50;;;;;;;;;;;
07-2027;Verhoeven;4210508235;Boor spiraalboor 8,5 mm;3.19;;;;;;;;;;;
07-2028;Verhoeven;4210508286;Boor spiraalboor 10,5 mm;5.43;;;;;;;;;;;
07-2029;Kieboom;;Gatzaag 32 mm;7.46;;;;;;;;;;;
07-2030;Kieboom;;Gatzaag 48 mm;9.60;;;;;;;;;;;
07-3001;Laspartners;10669;Contacttip 1.0 mm M8 lang Kemppi;0.94;;;;;;;;;;;
07-3002;Laspartners;10989;Contacttip 1.2 mm alu M8 lang Kemppi;0.94;;;;;;;;;;;
07-3003;Laspartners;19451;Electrodes Conarc 55 CT 3.2x350  120 st/4,5 kg;0.18;;;;;;;;;;;
07-3004;Laspartners;14062;Electrodes LIMAROSTA 309 S 3.2x350 135 st/4,9 kg;1.12;;;;;;;;;;;
07-3005;Laspartners;14070;Electrodes LIMAROSTA 316 L 3.2x350 135 st/4,8 kg;1.07;;;;;;;;;;;
07-3006;Laspartners;14071;Electrodes LIMAROSTA 316 L 4.0x450 85 st/5,9 kg;1.89;;;;;;;;;;;
07-3007;Laspartners;14348;Electrodes LNM 316 Lsi MIG draad rol 15 kg;203.10;;;;;;;;;;;
07-3008;Laspartners;14468;Electrodes Supra 3.2x350 180 st/5 kg;0.19;;;;;;;;;;;
07-3009;Laspartners;14467;Electrodes Supra 4.0x350 120 st/5 kg;0.25;;;;;;;;;;;
07-3010;Laspartners;18307;Antispatspray Binzel siliconenvrij 400 ml;2.52;;;;;;;;;;;
07-3011;Laspartners;11684;Laskabel neopreen HO1N2-D 35 mm2 (meter);4.84;;;;;;;;;;;
07-3012;Brammer;;Electrode Fox EAS 4M-VD 3,2 190 stuks;193.64;;;;;;;;;;;
07-3013;Laspartners;11069;Aandrijfrol V 1.0 mm rood Duratorque (W000675);14.68;;;;;;;;;;;
07-3014;Laspartners;11070;Drukrol V 1.0 mm rood Duratorque (W000676);19.16;;;;;;;;;;;
07-3015;Laspartners;14397;Electrode SUPRA MIG draad 1.0 mm S300-RW rol 15 kg;31.88;;;;;;;;;;;
07-3016;Laspartners;14339;Electrodes LNM 28 MIG draad 1.0 mm rol 15 kg;72.68;;;;;;;;;;;
07-3017;Verhoeven;55154007;Lasmagneet 120x15x82 40.007 BM;9.35;;;;;;;;;;;
07-3018;Verhoeven;E1314762;Lasmagneet 160x20x100 m 40.008 BM;21.95;;;;;;;;;;;
07-3019;Verhoeven;214407043;Machinetap D371B HSSE M 8,0 N FO;10.10;;;;;;;;;;;
07-3020;Laspartners;18415;Gascup keramisch nr. 7 d = 11.0 mm;0.85;;;;;;;;;;;
07-3021;Laspartners;18416;Gascup keramisch nr. 8 d = 12.5 mm;0.85;;;;;;;;;;;
07-3022;Laspartners;22289;Lashelm speedglas 9100 + sw zonder cassette;54.64;;;;;;;;;;;
07-3023;Laspartners;11846;Lasdeken Apollo 450gr/m-550gr;3.91;;;per meter;;;;;;;;
07-3024;Laspartners;19317;Bandzaag Lenox RX+ 3025x27x0,9 - 4/6 tpi;40.49;;;;;;;;;;;
07-3025;Laspartners;11221;Speedglas 9002X lasfilter kleur 9-13;296.05;;;;;;;;;;;
07-3026;Laspartners;11305;Speedglas zweetband badstof ;11.78;;;;;;;;;;;
07-3027;Laspartners;11157;Spatglas buiten 9002;1.55;;;;;;;;;;;
07-3028;Laspartners;11242;Spatglas buiten 9002X;1.90;;;;;;;;;;;
07-4001;PAC;71985UK;Snijmachine Ball caster;16.80;;;;;;;;;;;
07-4002;PAC;120574;Snijmachine Electrode Extended;7.09;;;;;;;;;;;
07-4003;PAC;120305;Snijmachine MouthPiece pipe saddle;4.20;;;;;;;;;;;
07-4004;PAC;20361;Snijmachine Ring swirl ring ;13.72;;;;;;;;;;;
07-4005;Verhoeven;84125030;"Draadsnijset 2"" ";82.96;;;;;;;;;;;
07-4006;Verhoeven;84121050;"Draadsnijset 1/2""";62.83;;;;;;;;;;;
07-4007;Verhoeven;84121100;"Draadsnijset 1""";79.38;;;;;;;;;;;
07-5001;Kieboom;;Hamer lasbikhamer 450 gram;5.96;;;;;;;;;;;
07-5002;Kieboom;;Pijpensnijder 4-32 mm quick auto;49.08;;;;;;;;;;;
07-5003;SAB;;Handschoenen 10419;2.85;;;;;;;;;;;
07-5004;Verhoeven;E1312531;Satineermachine flex LP1503 VR;395.00;;;;;;;;;;;
07-5005;Verhoeven;E1312532;Slijpmachine flex LE14-7125;210.00;;;;;;;;;;;
07-5006;Kieboom;;Wig staal 100x20x10 mm;5.60;;;;;;;;;;;
07-5007;Kieboom;;Lijmtang Samsteel LT 250x120 mm;17.20;;;;;;;;;;;
07-5008;Kieboom;;Afstandsmeter DLE 40 Bosch;90.79;;;;;;;;;;;
07-5009;Verhoeven;1314142;Tapkopsleutel 1.607.950.002 Bosch;8.30;;;;;;;;;;;
07-5010;Kieboom;;"Manometer 0-10 bar G1/4"" onder";30.55;;;;;;;;;;;
07-5011;Kieboom;;Amperetang digi 645;36.00;;;;;;;;;;;
07-6001;SAB;;Jerrycan 30 ltr.;12.50;;;;;;;;;;;
07-6002;SAB;;Klok drukkklok;108.00;;;;;;;;;;;
07-6003;SAB;;Poetslappen;9.14;;;;;;;;;;;
07-6004;SAB;;Microvezeldoek;1.50;;;;;;;;;;;
07-6005;SAB;;Schuurpapier waterproof 400;20.25;;;;;;;;;;;
07-6006;SAB;;Tape ducktape;6.62;;;;;;;;;;;
07-6007;Air Liquide;S9054;Gas administratiekosten per levering;7.50;;;;;;;;;;;
07-6008;Air Liquide;I2530M20;Gas ARCAL 12 cilinder M20;42.15;;;;;;;;;;;
07-6009;Air Liquide;I2015M20;Gas ARGON N46 M20 cilinder;26.47;;;;;;;;;;;
07-6010;Air Liquide;I3165M20;Gas ATAL 20 cilinder M20;33.86;;;;;;;;;;;
07-6011;Air Liquide;RR0L001;Gas huur cilinder per dag;0.35;;;;;;;;;;;
07-6012;Air Liquide;S0581;Gas toeslag milieu en veiligheid per cilinder;15.75;;;;;;;;;;;
07-6013;Kieboom;;Vaselinespray 400 ml;5.54;;;;;;;;;;;
07-6014;Kieboom;;Laspaumelle rvs pen 80 mm;5.20;;;;;;;;;;;
07-6015;Verhoeven;65200648;Loctite bevestiging 648/50 ml;42.93;;;;;;;;;;;
07-6016;Kieboom;;Neopreen kabel 3x1,5Qmm H07RNF;1.88;;;mtr.;;;;;;;;
07-6017;Brammer;;Deurkrukring 75x75 mm rvs sluiting;25.00;;;;;;;;;;;
07-6018;Brammer;;Stift t.b.v. deurkruk rvs 7x7x50 Pimax;4.50;;;;;;;;;;;
07-6019;Kieboom;;Opbergbak  kunststof + deksel 600x400x335 mm GR;31.20;;;;;;;;;;;
07-6020;Kieboom;;Tochtstrip 3x30 mm Avaprene;1.28;;;m1;;;;;;;;
07-6021;SAB;;Dreft;2.59;;;;;;;;;;;
07-6022;SAB;;Patroon Teflon;4.51;;;;;;;;;;;
07-6023;SAB;;Handzeep delight;7.50;;;;;;;;;;;
07-6024;SAB;;Compressor olie;17.50;;;;;;;;;;;
07-6025;Brammer;;Magneetschakelaar peiltoestel;56.25;;;;;;;;;;;
07-6026;Electro Supply;6800167;ABB automaat 1 polig+n c16a sn2011 c16;15.47;;;;;;;;;;;
07-6027;Electro Supply;115-6V;Wandcontactdoos opbouw rood 16A 5P 400V 6H PCE;7.55;;;;;;;;;;;
07-6028;Electro Supply;2023849;Wartel pvc drukvast m25x1,5 kt 11-17 mm;0.50;;;;;;;;;;;
07-6029;Electro Supply;207298;Schakelaar opbouw Moeller nood/uit 3p+n p1-25/i2/svb/n;41.72;;;;;;;;;;;
07-6030;Brammer;;Voetplaat 80 mm polyamide gmt;3.41;;;;;;;;;;;
07-6031;Brammer;;Spil + moer M12x100 ss gmt t.b.v. voetplaat;5.57;;;;;;;;;;;
07-6032;ODS;919399991;Bladzink komo 3000x1000x1 mm EN 988;3.65;;;kg;;;;;;;;
07-6033;Biermans;1519773;Zwenkwiel rubber 125x37 mm Kelfort ;12.30;;;;;;;;;;;
07-6034;Biermans;1519708;Meubelwiel kunststof zwart 50 mmxM8 bout Kelfort;1.80;;;;;;;;;;;
07-6035;Kieboom;;Loctite 454 20 gram (454);18.83;;;;;;;;;;;
07-6036;Kieboom;;Loctite 406 20 gram (410) rubber/kunststof;18.06;;;;;;;;;;;
07-6037;Kieboom;;Tape teflon tape 12 mm x 12 m;1.28;;;;;;;;;;;
07-6038;Kieboom;;"Torsino geel 1.1/4""";4.72;;;;;;;;;;;
07-6039;Kieboom;;Doos universeeldoos WD IP65;5.08;;;;;;;;;;;
07-6040;Kieboom;;Opbergbak  kunststof + deksel 400x300x185 mm GR;24.00;;;;;;;;;;;
07-6041;Kieboom;;Stekkercentrale VD16 3V-recht Grs;28.14;;;;;;;;;;;
07-6042;Kieboom;;Stekkercentrale AVA353GU 3V RA rubber;47.24;;;;;;;;;;;
07-6043;Kieboom;;Stekker rubber ra;3.96;;;;;;;;;;;
07-6044;Kieboom;;Kabel elektrisch VMVL 3x2.5 PL.ZW;2.64;;;;;;;;;;;
07-6045;Kieboom;;Laspaumelle rvs pen 100 mm;6.07;;;;;;;;;;;
07-6046;Kieboom;;Gas ALBEE cilinder zuurstof 11 ltr. vulling;26.50;;;;;;;;;;;
07-6047;Kieboom;;Insteeknippel Orion 1/4 budr 3/8;3.20;;;;;;;;;;;
07-6048;Kieboom;;Marker deep-hole zwart;7.08;;;;;;;;;;;
07-6049;Kieboom;;Ketting lsch. 4 mm ;2.40;;;;;;;;;;;
07-6050;Kieboom;;Kabelschoen vl.sth.geis rood;1.25;;;;;;;;;;;
07-6051;Kieboom;;Tape isolatietape geel/gr 15 mm 10 mtr.;0.92;;;;;;;;;;;
07-6052;Brammer;;Zwenkwiel rvs 50 mm met rem rubber;13.54;;;;;;;;;;;
07-6053;Brammer;;Ventiel 3/2 1/4 dvr Hafner ;47.61;;;;;;;;;;;
07-6054;Kieboom;;Bandset 5 mtr. Met haak;6.00;;;;;;;;;;;
07-6055;Kieboom;;Beugels 5 mm zwart 25 pl.k.;1.61;;;per blis ?;;;;;;;;
07-6056;Kieboom;;Containerzak 240 L 120x140 70MU/10st;4.80;;;;;;;;;;;
07-6057;Kieboom;;Siliconenkit transparant 310 ml;4.64;;;;;;;;;;;
07-6058;Kieboom;;Stanleymes afbreek 0-10-151;3.02;;;;;;;;;;;
07-6059;Kieboom;;Verfbak 150x3000;0.80;;;;;;;;;;;
07-6060;Brammer;;Hoekcontactlager eenrijig;42.69;;;;;;;;;;;
07-6061;Kieboom;;Ketting ksch. 2 mm;2.36;;;meter;;;;;;;;
07-6062;Kieboom;;Opbergbak  kunststof 600x400x320 grijs;20.85;;;;;;;;;;;
07-6063;Kieboom;;Noodschalm m/schr.sluiting rvs 7 mm;3.52;;;;;;;;;;;
07-6064;Pinta;;Tape Armaflex rol ;31.50;;;;;;;;;;;
07-6065;Pinta;;Armaflex 32 mm 1000x1000 mm;42.90;;;;;;;;;;;
07-6066;Pinta;;Celrubberband 50x5 mm zelfklevend per meter;1.75;;;;;;;;;;;
07-6067;Pinta;;Celrubberkeg 200x55/100x15 - 200 mm afgeronde kanten;34.25;;;;;;;;;;;
07-6068;Biermans;1251037;Insteekdop vierkant zwart 50x50 mm;0.34;;;;;;;;;;;
07-6069;Biermans;;Aceton 1000 ml;5.50;;;;;;;;;;;
07-6070;Biermans;1655385;Assortimentsdoos rood;10.54;;;;;;;;;;;
07-6071;Biermans;1242324;Plantenspuit 40x25 mm;1.99;;;;;;;;;;;
07-6072;Kieboom;;Kabelschoen ring 5 mm rood;1.20;;;per blis ?;;;;;;;;
07-6073;Kieboom;;Soldeertin staaf 40/60 ca. 140 gram;4.40;;;;;;;;;;;
07-6074;Hilto;32-1645-050 0-120;Staafthermometer massief Econ klein;26.50;;;;;;;;;;;
07-6075;Schans;10054;Rapid Combi disc 125x22 medium;11.99;;;;;;;;;;;
07-6076;Schans;10852;FM tex-wiel 100x100 nr. 80;25.54;;;;;;;;;;;
07-6077;Schans;2339062;Schuurvlies golfvouw 150x30 ;13.50;;;;;;;;;;;
07-6078;Kieboom;;"Rooster vlamwerend 4"" bidr m/verl.huis";307.35;;;;;;;;;;;
07-6079;Kieboom;;Rooster vlamwerend 147 mm + ring;206.35;;;;;;;;;;;
07-6080;Kieboom;;Rooster vlamwerend 127 mm + ring;202.35;;;;;;;;;;;
07-6081;Hilto;"34-001A-F 1/2""";"Peilglas tussenkoppeling 12 mm 1/2"" ";24.57;;;;;;;;;;;
07-6082;Hilto;"34-001A-G 1/2"" MET PLUG";"Peilglaskraan met drukknop 1/2""";27.45;;;;;;;;;;;
07-6083;Hilto;"34-001B-1/2"" BOVEN";Peilglasknie D15 12 mm;8.34;;;;;;;;;;;
07-6084;Rob Snel;93.ST.421.00;Deurknevel staal 93 (verzonken);41.60;;;;;;;;;;;
07-6085;Rob Snel;80.SS.411.03;Spie rvs laag model;8.16;;;;;;;;;;;
07-6086;Zwets;23.SK.0320;Slangklem 2-delig 280-300 mm;8.80;;;;;;;;;;;
07-6087;JB;140-06-008;Luchtslang rubber 20 Bar 8 mm;1.11;;;;;;;;;;;
07-6088;JB;150-01-011;Wormschroefklem 11-17;0.63;;;;;;;;;;;
07-8001;DJPS;;"Koppeling snelkoppeling 1/4"" ZS H-D M Kaflon";40.00;;;;;;;;;;;
07-8002;DJPS;;"Koppeling snelkoppeling 1/4"" ZS H-D VR Kaflon";41.00;;;;;;;;;;;
07-8003;DJPS;;"Koppeling snelkoppeling 1/4"" ZS H-D VR std";41.00;;;;;;;;;;;
07-8004;Zwets;21.OB.KK.K500;"Kogelkraan .1/4"" bi/bu vlinderhendel";4.62;;;;;;;;;;;
07-8005;Kieboom;;"Kogelafsluiter 3/8""";4.48;;;;;;;;;;;
08-1001;Kieboom;;Moer borgmoer rvs A2 DIN985 M6;0.15;;;;;;;;;;;
08-1002;Kieboom;;Draadeind rvs M6 A2 D975;3.30;;;;;;;;;;;
08-1003;Kieboom;;Ring carrosseriering rvs M8 A2 D9021;0.25;;;;;;;;;;;
08-1004;Kieboom;;Ring veerring rvs M8 A2 D127;0.06;;;;;;;;;;;
08-1005;Biermans;5527162;Bout inbusbout rvs M6x25 mm;0.14;;;;;;;;;;;
08-1006;TrioFast;4933A208025;Bout tapbout rvs M8x25-200 DIN 933 A2;0.13;;;;;;;;;;;
08-1007;TrioFast;4933A208050;Bout tapbout rvs M8x50-100 DIN 933 A2-;0.20;;;;;;;;;;;
08-1008;Biermans;4933A406010;Bout tapbout rvs M6x10 mm zeskant ;0.17;;;;;;;;;;;
08-1009;TrioFast;47991A212040;Bout rvs verzonken bout DIN 7991 A2 M12x40-100;0.81;;;;;;;;;;;
08-1010;TrioFast;4975A212000;Draadstang M12x1M-20 DIN 976 A2 ;5.70;;;;;;;;;;;
08-1011;TrioFast;4985A4S108;Moer borgmoer M8 DIN 985 A4-80 SEAL INOX;0.13;;;;;;;;;;;
08-1012;Kieboom;;Moer rvs M12;0.52;;;;;;;;;;;
08-1013;Kieboom;;Moer rvs M8;0.17;;;;;;;;;;;
08-1014;Biermans;5522056;Moer zeskantmoer rvs M6x5.0 mm;0.04;;;;;;;;;;;
08-1015;Verhoeven;E1304071;Ring 05 Euroboor Dial ;20.60;;;;;;;;;;;
08-1016;Biermans;5523106;Ring carrosseriering rvs M6x18 mm;0.06;;;;;;;;;;;
08-1017;Verhoeven;E1304072;Ring O-ring 07 Euroboor;1.19;;;;;;;;;;;
08-1018;Biermans;25A406K;Ring sluitring rvs M6 kvp;0.06;;;;;;;;;;;
08-1019;Biermans;5523006;Ring sluitring rvs M6x13 mm;0.03;;;;;;;;;;;
08-1020;TrioFast;4705A220SS;Ring stelring A20x32x14 mm DIN 705A/916 A1 ;0.14;;;;;;;;;;;
08-1021;Kieboom;;Ring veerring rvs M12;0.19;;;;;;;;;;;
08-1022;kieboom;;Ring veerring rvs M8;0.07;;;;;;;;;;;
08-1023;Kieboom;;Schroef rvs M8x20 vk bzk A2;0.50;;;;;;;;;;;
08-1024;TrioFast;2931EV16055;Bout rvs M16x55-50 DIN931 - 8.8 EV ;0.45;;;;;;;;;;;
08-1025;TrioFast;2934EV16K;Moer M16 KVP-50 DIN934-8 EV 6-Kt.;0.10;;;;;;;;;;;
08-1026;Kieboom;;Ring sluitring rvs HOB 6 mm;3.00;;;;;;;;;;;
08-1027;Kieboom;;Ring carrosseriering rvs M6 A2 D9021;0.10;;;;;;;;;;;
08-1028;Kieboom;;Schroef rvs M6x30 vk bzk A2;0.39;;;;;;;;;;;
08-1029;Kieboom;;Bout tapbout rvs M8x40;0.39;;;;;;;;;;;
08-1030;Kieboom;;Schroef rvs M16x35 bzk A2;5.89;;;;;;;;;;;
08-1031;Rob Snel;20.SS.310.27;Bout knevelbout rvs M20x130;11.40;;;;;;;;;;;
08-1032;Brammer;55050050016;Schroef cilinderkopschroef rvs inb M5x16 D912/A4;9.00;;;per 100;;;;;;;;
08-1033;Brammer;55050050012;Schroef cilinderkopschroef rvs inb M5x12 D912/A4;8.00;;;per 100;;;;;;;;
08-1034;Brammer;55010080020;Bout tapbout rvs M8x20 D933/A4;14.50;;;per 100;;;;;;;;
08-1035;Brammer;55390050001;Ring veerring rvs M5 D7980/A4;4.00;;;per 100;;;;;;;;
08-1036;Brammer;55390060001;Ring veerring rvs M6 D7980/A4;4.50;;;per 100;;;;;;;;
08-1037;Brammer;55390080001;Ring veerring rvs M8 D7980/A4;7.00;;;per 100;;;;;;;;
08-1038;Brammer;55050080016;Schroef cilinderkopschroef rvs inb M8x16 D912/A4;20.00;;;per 100;;;;;;;;
08-1039;Biermans;5522054;Moer zeskantmoer rvs M4x3.0 mm;1.10;;;per 100;;;;;;;;
08-1040;Biermans;5520113;Bout tapbout rvs M12x30 mm Din 9333 Kelfort;75.86;;;per 100;;;;;;;;
08-1041;Kieboom;;Schroef rvs M5x25 vk bzk A2;0.30;;;;;;;;;;;
08-1042;Kieboom;;Schroef rvs M6x20 vk bzk A2;0.31;;;;;;;;;;;
08-1043;Brammer;;Schroef cilinderkopschroef M6x12 D912/A4;10.50;;;per 100;;;;;;;;
08-1044;Kieboom;;Bout oogbout rvs 10x100 mm;8.71;;;;;;;;;;;
08-1045;Kieboom;;Ring carrosseriering rvs M10;0.47;;;;;;;;;;;
08-1046;Kieboom;;Moer borgmoer rvs A2 DIN985 M5;0.12;;;;;;;;;;;
08-1047;Kieboom;;Bout tapbout rvs M5x20;0.10;;;;;;;;;;;
08-1048;Kieboom;;Ring sluitring rvs M5;0.01;;;(0,50 ct voor 34 stuks);;;;;;;;
08-1049;Rob Snel;20.SS.220.04;Moer knevelmoer rvs M20;19.20;;;;;;;;;;;
08-1050;Rob Snel;16.SS.354.13;Draadbus rvs M16;10.56;;;;;;;;;;;
08-1051;Zwets;;Bout rvs M16x16 inbus met verzonken kop;3.60;;;per 100;;;;;;;;
08-1052;Biermans;5527411;Bout inbusbout rvs M10x70 mm;0.95;;;;;;;;;;;
08-1053;Biermans;5522380;Moer dopmoer rvs M10x18 mm;0.65;;;;;;;;;;;
08-1054;Kieboom;;Bout tapbout rvs M6x30 mm;18.32;;;per 100;;;;;;;;
08-1055;Kieboom;;Moer rvs M6;8.40;;;per 100;;;;;;;;
08-3001;Biermans;5517209;Bout inbusbout verz. M10x60 mm ;0.55;;;;;;;;;;;
08-3002;Kieboom;;Moer verz. M16;0.25;;;;;;;;;;;
08-3003;Biermans;5513054;Ring sluitring verz. M4x9x0,8 mm;0.01;;;;;;;;;;;
08-3004;Biermans;5510091;Bout tapbout verz. M10x20 mm;0.17;;;;;;;;;;;
08-3005;Biermans;5514318;Schroef metaalschroef verz. M4x10 mm;0.04;;;;;;;;;;;
08-3006;Kieboom;;Bout tapbout verz. M10x25 mm 8.8;0.21;;;;;;;;;;;
08-3007;Kieboom;;Moer verz. M10;0.09;;;;;;;;;;;
08-3008;Kieboom;;Ring veering verz. M10 hs DIN128A;0.04;;;;;;;;;;;
08-3009;Biermans;5516120;Draadeind verz. M20x1000 mm D975 Kelfort;14.45;;;;;;;;;;;
08-3010;Kieboom;;Bout verz. M16x80;1.40;;;;;;;;;;;
08-3011;Kieboom;;Ring sluitring verz. M16 ;0.14;;;;;;;;;;;
08-3012;Kieboom;;Draadstang verz. M24;15.60;;;;;;;;;;;
08-3013;Kieboom;;Moer verbindingsmoer verz. M24;8.13;;;;;;;;;;;
08-3014;Kieboom;;Bout oogbout verz. M16;3.65;;;;;;;;;;;
08-3015;Biermans;6517010;Moer schuifmoer verz. M10xStrutx z/veer CE BIS;0.60;;;;;;;;;;;
08-3016;Kieboom;;Bout tapbout verz. M6x70 mm 8.8;0.14;;;;;;;;;;;
08-3017;Kieboom;;Moer verz. M6;0.04;;;;;;;;;;;
08-3018;Kieboom;;Moer verz. M20;0.46;;;;;;;;;;;
08-3019;Kieboom;;Bout verz. M20x180;4.27;;;;;;;;;;;
08-3020;Kieboom;;Ring veerring verz. M10;0.04;;;;;;;;;;;
08-3021;Kieboom;;Schroef verz. M10x30 mm;0.34;;;;;;;;;;;
08-4001;Biermans;5519554;Nagel blindklinknagel alu. 4.8x12 mm;0.02;;;;;;;;;;;
08-4002;Rob Snel;16.AL.390.63;Scharnier alu. M16x120 CT;28.80;;;;;;;;;;;
08-5001;Brammer;;O-ring rubber Viton 3x2 FPM80;0.16;;;;;;;;;;;
09-0001;Marflex;610085;Assembly tool;23.40;;;;;;;;;;;
09-0002;Marflex;682043;Ceramic sleeve;196.20;;;;;;;;;;;
09-0003;Marflex;667848;Ceramic sleeve;175.95;;;JW 115,25;;;;;;;;
09-0004;Marflex;668944;Double cargo seal   ;49.50;;;;;;;;;;;
09-0005;Marflex;679464;Double cargo seal dynalip;122.40;;;;;;;;;;;
09-0006;Marflex;668106;Gasket set;2.70;;;Ankro 0,45 ct;;;;;;;;
09-0007;Marflex;307113;Hexagon head screw m8;1.31;;;;;;;;;;;
09-0008;Marflex;385004;Hexagon head shoulder screw;3.50;;;;;;;;;;;
09-0009;Marflex;382581;Lock washer;0.50;;;;;;;;;;;
09-0010;Marflex;382602;Lock washer;0.50;;;;;;;;;;;
09-0011;Marflex;382644;Lock washer;0.50;;;;;;;;;;;
09-0012;Marflex;610895;Mounting tool;73.35;;;;;;;;;;;
09-0013;Marflex;485016;Non ret. Valve;59.85;;;;;;;;;;;
09-0014;Marflex;81177;Oil Seal viton 45x65x8;35.10;;;Brammer 6,10;;;;;;;;
09-0015;Marflex;81120;Oil Seal viton 35x50x7;25.20;;;Brammer 5,18;;;;;;;;
09-0016;Marflex;67431;O-ring kalrez 44,04x3,53 mdpd 125/150;114.35;;;JW 85,50;;;;;;;;
09-0017;Marflex;67722;O-ring kalrez 101,2x3,53 mdpd 125/150;337.95;;;JW 189,50;;;;;;;;
09-0018;Marflex;67692;O-ring kalrez 91,67x3,53 mdpd 80/100;219.60;;;JW 149,20 BT 124,17;;;;;;;;
09-0019;Marflex;32460;O-ring nitrile 41x3;1.30;;;;;;;;;;;
09-0020;Marflex;034812;O-ring nitrile;2.47;;;;;;;;;;;
09-0021;Marflex;031923;O-ring nitrile;1.13;;;;;;;;;;;
09-0022;Marflex;070305;O-ring teflon ;3.60;;;;;;;;;;;
09-0023;Marflex;073605;O-ring teflon ;15.80;;;;;;;;;;;
09-0024;Marflex;073761;O-ring teflon;18.05;;;;;;;;;;;
09-0025;Marflex;051582;O-ring viton 41x3;3.10;;;;;;;;;;;
09-0026;Marflex;051438;O-ring viton ;3.10;;;;;;;;;;;
09-0027;Marflex;056376;O-ring viton 78,97x3,53;11.25;;;;;;;;;;;
09-0028;Marflex;052524;O-ring viton 50x3;3.60;;;;;;;;;;;
09-0029;Marflex;056244;O-ring viton ;11.25;;;;;;;;;;;
09-0030;Marflex;076248;Shaft seal;17.96;;;;;;;;;;;
09-0031;Marflex;668943;Single cargo seal   ;36.90;;;;;;;;;;;
09-0032;Marflex;679463;Single cargo seal dynalip ;79.20;;;;;;;;;;;
09-0033;Marflex;336877;Socked head cap screw;0.95;;;;;;;;;;;
09-0034;Marflex;336861;Socked head cap screw;0.95;;;;;;;;;;;
09-0035;Marflex;337047;Socked head cap screw;0.95;;;;;;;;;;;
09-0036;Marflex;336889;Socked head cap screw;0.95;;;;;;;;;;;
09-0037;Marflex;486907;"Strainer 3/4"" ";37.80;;;;;;;;;;;
09-0038;Marflex;486910;Strainer element;19.35;;;;;;;;;;;
09-0039;Marflex;679026;Upper sleeve;113.85;;;;;;;;;;;
09-0040;Marflex;667845;Upper sleeve;97.20;;;;;;;;;;;
09-0041;Marflex;679068;Wear ring;51.30;;;;;;;;;;;
09-0042;Marflex;667218;Wear ring;33.75;;;;;;;;;;;
09-0043;Marflex;668209;Wear ring;44.10;;;;;;;;;;;
09-0044;Marflex;668210;Wear ring support;14.85;;;;;;;;;;;
09-0045;Marflex;669042;Gasket set 134,5x125,5x1                                                 144;7.20;;;Ankro 7,-- strippomp;;;;;;;;
09-0047;Marflex;669324;Gland packing;21.60;;;pinta 9,36 3x strippomp;;;;;;;;
09-0048;Marflex;076215;Shaft Seal;19.45;;;strippomp;;;;;;;;
09-0049;Marflex;076424;Shaft seal;52.50;;;2x strippomp;;;;;;;;
09-0050;Marflex;669330;Sleeve for cylinder cover 45x25x9,5;44.50;;;Ankro 7,75  strippomp;;;;;;;;
09-0051;Marflex;669327;Sleeve for gland 35x25x40;72.50;;;Ankro 21,20 strippomp;;;;;;;;
09-0052;Marflex;669060;Guide Sleeve 45x25x58;85.50;;;Ankro 30,85 ;;;;;;;;
09-0053;Marflex;05681;O-ring viton 40x3 * 39x3 bestellen;3.60;;;2x  ;;;;;;;;
09-0054;Marflex;603015;Ceramic sleeve;196.20;;;JW 142,50;;;;;;;;
09-0055;Marflex;491350;Cover plate inspection cover small;41.40;;;;;;;;;;;
09-0056;Marflex;491355;Seal inspection cover small;25.20;;;;;;;;;;;
09-0057;Marflex;067320;O-ring kalrez 34,52x3,53;85.54;;;JW 59,04 BT 49,20;;;;;;;;
09-0058;Marflex;067632;O-ring kalrez 72,62x3,52;196.20;;;JW 116,98 BT 97,34;;;;;;;;
09-0059;Marflex;067321;O-ring kalrez;85.54;;;nieuw, omschrijving?;;;;;;;;
09-0060;Marflex;073134;O-ring teflon;14.40;;;nieuw, omschrijving?;;;;;;;;
09-0061;Marflex;073251;O-ring teflon;15.79;;;nieuw, omschrijving?;;;;;;;;
09-0062;Marflex;382617;Lock washer;3.96;;;nieuw, omschrijving?;;;;;;;;
09-0063;Marflex;403110;Ball bearring;33.75;;;nieuw, omschrijving?;;;;;;;;
09-0064;Marflex;412053;Cylindrical roller bearring;55.80;;;;;;;;;;;
09-0065;Marflex;415329;Washer;0.67;;;nieuw, omschrijving?;;;;;;;;
10-0001;Pinta;;"Koppeling snelkoppeling rvs Kamlok /b vrl 2"" budr aisi 316";17.03;;;;;;;;;;;
10-0002;Pinta;;"Ring 2"" binn.dr. Draaibaar nok 66";26.39;;;;;;;;;;;
10-0003;Brammer;;Koppeling kruiskoppeling rvs enkel 12x25x86 SS;35.40;;;;;;;;;;;
10-0004;Hilto;42-507E-W5 060,3 NBR;"Koppeling pijpkoppeling trekvast rvs 2"" 42-507E-W5 ";69.34;;;;;;;;;;;
10-0005;JB;AL-18-R-3/4WD;"Koppeling inschroefkoppeling Ge-18L-3/4"" ";3.28;;;;;;;;;;;
10-0006;Pinta;;"Koppeling snelkoppeling rvs Kamlok /b vrl 1.1/4"" budr aisi 316";13.91;;;;;;;;;;;
10-0007;Pinta;;"Adaptor rvs Kamlok /f mnl 1.1/4"" budr aisi 316";9.84;;;;;;;;;;;
10-0008;Pinta;;"Adaptor rvs Kamlok /f mnl 1"" budr aisi 316";6.30;;;;;;;;;;;
10-0009;Pinta;;"Adaptor rvs Kamlok /a mnl 1"" bidr aisi 316";6.64;;;;;;;;;;;
10-0010;Pinta;;"Plug rvs/dp mnl 1"" aisi 316";3.55;;;;;;;;;;;
10-0011;Pinta;;"Koppeling snelkoppeling  rvs Kamlok /d vrl 2"" bidr aisi 316";19.36;;;;;;;;;;;
10-0012;Pinta;;"Koppeling tw koppeling messing vk50-21 2"" bidr mnl teflon";23.50;;;;;;;;;;;
10-0013;Pinta;;"Kap tw kap mb 50-2"" vrl voor mnl tw koppeling";4.66;;;;;;;;;;;
10-0014;Pinta;;"Koppeling tw koppeling messing vk50- 2"" bidr mnl afd.ring";7.10;;;;;;;;;;;
10-0015;Pinta;;"Kap tw kap mb 50-2"" vrl voor mnl tw koppeling";7.10;;;;;;;;;;;
10-0016;Pinta;;"Kap eindkap messing zeskant - 21 2"" bidr";14.63;;;;;;;;;;;
10-0017;Pinta;;"Snelkoppeling 1/4"" Orion";8.00;;;;;;;;;;;
10-0018;Hilto;"01-341V-2"" ";"Koppeling bi bu 2""";16.43;;;;;;;;;;;
11-0001;Inval;Fig. IN 820N;Wafer type vlinderklep 250 mm PN10 GGG-40;1,285.00;;;;;;;;;;;
11-0002;Inval;Fig. IN 232-550S;Wormkast gietijzer 550 mm waterdicht  multi-turn;300.00;;;;;;;;;;;
11-0003;Inval;Fig. IN 1056E;Peiltoestel rvs 690 mm PN4 Reflex;359.00;;;;;;;;;;;
11-0004;Inval;Fig. IN 2.103A;Gaffel rvs 1.3952 22 mm inwendig conisch vierkant ;117.00;;;;;;;;;;;
11-0005;Inval;Fig. IN 642;Afsluiter gietijzer 80 mm PN10 Y-type filter;124.00;;;;;;;;;;;
11-0006;Inval;Fig. IN 4151;Wafer type rvs AISI 316 kogelkraan DIN PN16;204.00;;;fact. 109453;;;;;;;;
11-0007;Inval;Fig. IN 232-210N;Wormkast gietijzer AISI 303 as gelast stalen handwiel;97.00;;;;;;;;;;;
11-0008;Inval;-;Bus vierkant;8.00;;;fact. 109471;;;;;;;;
11-0009;Inval;232-210;Koppelbus vierkant 14 mm voor wormwielkast ;8.00;;;;;;;;;;;
11-0010;Inval;Fig. IN 107-1;Impulsgever met 1 pompunit hydraulisch bediend;196.00;;;;;;;;;;;